県,県No,学校名,出場回数,回戦,対戦校,試合,打率,総得点,安打,長打,本塁打,犠打,盗塁,投手数,投球回数,失策,失点,防御率,予想得点力,結果,差
栃木,10,作新学院,12,5,明徳義塾,6,0.432,68,80,19,2,5,9,1,29,3,4,5.9,2.94552229,10,7.05447771
高知,41,明徳義塾,18,5,作新学院,4,0.318,20,41,11,2,5,9,2,32,3,15,2.25,5.69754856,2,-3.69754856
南北海道,2,北海,37,5,秀岳館,7,0.379,50,80,15,3,34,2,2,25.7,7,13,1.75,2.65451659,4,1.34548341
熊本,45,秀岳館,2,5,北海,5,0.405,48,70,17,0,8,31,1,41.3,5,10,1.53,3.61947946,3,-0.61947946
